component,eigenvalue,explained_variance_ratio,cumulative_explained_variance,aspect_ratio_p_over_n,mp_lower,mp_upper,mp_density,above_mp_upper
1,73.4690467105373,0.12451651906989153,0.12451651906989153,0.03476937485366425,0.6618384168806676,1.4077003328266608,0.0,True
2,41.60041458700478,0.07050505006069775,0.19502156913058927,0.03476937485366425,0.6618384168806676,1.4077003328266608,0.0,True
3,31.4070008449336,0.05322908891201637,0.24825065804260565,0.03476937485366425,0.6618384168806676,1.4077003328266608,0.0,True
4,28.092037406432894,0.04761083569263895,0.2958614937352446,0.03476937485366425,0.6618384168806676,1.4077003328266608,0.0,True
5,21.462285182913718,0.036374625259407864,0.3322361189946525,0.03476937485366425,0.6618384168806676,1.4077003328266608,0.0,True
6,19.556912994723827,0.03314536990591544,0.36538148890056793,0.03476937485366425,0.6618384168806676,1.4077003328266608,0.0,True
7,17.09485527911139,0.028972634989331034,0.394354123889899,0.03476937485366425,0.6618384168806676,1.4077003328266608,0.0,True
8,14.599117896543083,0.024742819232848153,0.41909694312274715,0.03476937485366425,0.6618384168806676,1.4077003328266608,0.0,True
9,13.014168915998086,0.02205662227240044,0.4411535653951476,0.03476937485366425,0.6618384168806676,1.4077003328266608,0.0,True
10,10.739446382396144,0.01820138602781018,0.4593549514229578,0.03476937485366425,0.6618384168806676,1.4077003328266608,0.0,True
11,10.199032663589213,0.01728548418701764,0.47664043560997543,0.03476937485366425,0.6618384168806676,1.4077003328266608,0.0,True
12,9.462969130888363,0.01603799190271865,0.4926784275126941,0.03476937485366425,0.6618384168806676,1.4077003328266608,0.0,True
13,8.957404042726678,0.015181152080239685,0.5078595795929338,0.03476937485366425,0.6618384168806676,1.4077003328266608,0.0,True
14,7.46573552489414,0.012653048344547512,0.5205126279374813,0.03476937485366425,0.6618384168806676,1.4077003328266608,0.0,True
15,7.194516973933511,0.01219338279306903,0.5327060107305504,0.03476937485366425,0.6618384168806676,1.4077003328266608,0.0,True
16,6.9760709922692286,0.011823157038693743,0.5445291677692441,0.03476937485366425,0.6618384168806676,1.4077003328266608,0.0,True
17,6.38580990187818,0.010822773072811272,0.5553519408420554,0.03476937485366425,0.6618384168806676,1.4077003328266608,0.0,True
18,5.99775292862843,0.010165087888733245,0.5655170287307887,0.03476937485366425,0.6618384168806676,1.4077003328266608,0.0,True
19,5.9243631992644294,0.010040705797974796,0.5755577345287635,0.03476937485366425,0.6618384168806676,1.4077003328266608,0.0,True
20,5.6193882147759195,0.00952382930137998,0.5850815638301434,0.03476937485366425,0.6618384168806676,1.4077003328266608,0.0,True
21,5.322581325821781,0.009020796224142126,0.5941023600542855,0.03476937485366425,0.6618384168806676,1.4077003328266608,0.0,True
22,5.07323475435046,0.008598199654406481,0.602700559708692,0.03476937485366425,0.6618384168806676,1.4077003328266608,0.0,True
23,4.639595644648883,0.007863261134170274,0.6105638208428622,0.03476937485366425,0.6618384168806676,1.4077003328266608,0.0,True
24,4.438487105236573,0.007522419155077881,0.6180862399979401,0.03476937485366425,0.6618384168806676,1.4077003328266608,0.0,True
25,4.155686211650962,0.0070431236634966,0.6251293636614367,0.03476937485366425,0.6618384168806676,1.4077003328266608,0.0,True
26,4.088639994171433,0.006929492658452451,0.6320588563198891,0.03476937485366425,0.6618384168806676,1.4077003328266608,0.0,True
27,4.0189135671392915,0.0068113191912584385,0.6388701755111476,0.03476937485366425,0.6618384168806676,1.4077003328266608,0.0,True
28,3.8018987896681162,0.006443519064711237,0.6453136945758587,0.03476937485366425,0.6618384168806676,1.4077003328266608,0.0,True
29,3.740335608392713,0.006339180797393248,0.651652875373252,0.03476937485366425,0.6618384168806676,1.4077003328266608,0.0,True
30,3.5852405355983894,0.0060763231797447146,0.6577291985529967,0.03476937485366425,0.6618384168806676,1.4077003328266608,0.0,True
31,3.3635788916435994,0.005700647469328813,0.6634298460223256,0.03476937485366425,0.6618384168806676,1.4077003328266608,0.0,True
32,3.246428754571875,0.005502099537514699,0.6689319455598403,0.03476937485366425,0.6618384168806676,1.4077003328266608,0.0,True
33,3.1586767005439356,0.005353375948493025,0.6742853215083333,0.03476937485366425,0.6618384168806676,1.4077003328266608,0.0,True
34,3.099376890287747,0.005252873678690924,0.6795381951870242,0.03476937485366425,0.6618384168806676,1.4077003328266608,0.0,True
35,3.017056910249185,0.005113356455816238,0.6846515516428404,0.03476937485366425,0.6618384168806676,1.4077003328266608,0.0,True
36,2.9288164223388775,0.004963805061214511,0.6896153567040549,0.03476937485366425,0.6618384168806676,1.4077003328266608,0.0,True
37,2.7533213003860464,0.004666373112962778,0.6942817298170177,0.03476937485366425,0.6618384168806676,1.4077003328266608,0.0,True
38,2.621800334466398,0.004443469269857983,0.6987251990868757,0.03476937485366425,0.6618384168806676,1.4077003328266608,0.0,True
39,2.5409604504359793,0.004306460537443904,0.7030316596243196,0.03476937485366425,0.6618384168806676,1.4077003328266608,0.0,True
40,2.4346811821673664,0.004126336728484711,0.7071579963528043,0.03476937485366425,0.6618384168806676,1.4077003328266608,0.0,True
41,2.378408470681175,0.004030964834243434,0.7111889611870478,0.03476937485366425,0.6618384168806676,1.4077003328266608,0.0,True
42,2.2482554260234595,0.003810379366039686,0.7149993405530874,0.03476937485366425,0.6618384168806676,1.4077003328266608,0.0,True
43,2.1859168029000013,0.0037047268674367667,0.7187040674205242,0.03476937485366425,0.6618384168806676,1.4077003328266608,0.0,True
44,2.119625647519765,0.0035923755537523813,0.7222964429742765,0.03476937485366425,0.6618384168806676,1.4077003328266608,0.0,True
45,2.1074091285236407,0.0035716708013613253,0.7258681137756379,0.03476937485366425,0.6618384168806676,1.4077003328266608,0.0,True
46,2.010794034914381,0.0034079259906625455,0.7292760397663004,0.03476937485366425,0.6618384168806676,1.4077003328266608,0.0,True
47,1.9657210367459026,0.003331535550235372,0.7326075753165358,0.03476937485366425,0.6618384168806676,1.4077003328266608,0.0,True
48,1.9164072634223899,0.0032479577760383266,0.7358555330925741,0.03476937485366425,0.6618384168806676,1.4077003328266608,0.0,True
49,1.8869085082877557,0.003197962812571175,0.7390534959051452,0.03476937485366425,0.6618384168806676,1.4077003328266608,0.0,True
50,1.861388600824163,0.0031547112639717764,0.7422082071691171,0.03476937485366425,0.6618384168806676,1.4077003328266608,0.0,True
51,1.8000665245620369,0.0030507816252984704,0.7452589887944155,0.03476937485366425,0.6618384168806676,1.4077003328266608,0.0,True
52,1.763997075915263,0.002989650545049646,0.7482486393394652,0.03476937485366425,0.6618384168806676,1.4077003328266608,0.0,True
53,1.6533763623395952,0.002802168784931829,0.751050808124397,0.03476937485366425,0.6618384168806676,1.4077003328266608,0.0,True
54,1.613180220279315,0.002734043718478951,0.7537848518428759,0.03476937485366425,0.6618384168806676,1.4077003328266608,0.0,True
55,1.5920993400632018,0.0026983155044763693,0.7564831673473523,0.03476937485366425,0.6618384168806676,1.4077003328266608,0.0,True
56,1.5251162387369386,0.0025847914697013827,0.7590679588170537,0.03476937485366425,0.6618384168806676,1.4077003328266608,0.0,True
57,1.5122599679654132,0.002563002455737483,0.7616309612727912,0.03476937485366425,0.6618384168806676,1.4077003328266608,0.0,True
58,1.479359253272586,0.0025072417966315727,0.7641382030694227,0.03476937485366425,0.6618384168806676,1.4077003328266608,0.0,True
59,1.4599221330027221,0.002474299453357651,0.7666125025227803,0.03476937485366425,0.6618384168806676,1.4077003328266608,0.0,True
60,1.432823546637136,0.002428372334427528,0.7690408748572078,0.03476937485366425,0.6618384168806676,1.4077003328266608,0.0,True
61,1.4043209439286364,0.002380065666074018,0.7714209405232819,0.03476937485366425,0.6618384168806676,1.4077003328266608,0.1632747704607737,False
62,1.385333534600185,0.002347885500118566,0.7737688260234005,0.03476937485366425,0.6618384168806676,1.4077003328266608,0.42032828373903847,False
63,1.3428001968358951,0.002275799316889599,0.7760446253402901,0.03476937485366425,0.6618384168806676,1.4077003328266608,0.7166317165132133,False
64,1.3303890164911865,0.0022547646493219016,0.778299389989612,0.03476937485366425,0.6618384168806676,1.4077003328266608,0.7822278493368646,False
65,1.3063622495487737,0.0022140436992330844,0.7805134336888451,0.03476937485366425,0.6618384168806676,1.4077003328266608,0.8954997332699426,False
66,1.2946289384822407,0.002194157895393474,0.7827075915842385,0.03476937485366425,0.6618384168806676,1.4077003328266608,0.9457673029130356,False
67,1.2449730469481155,0.0021100002937642893,0.7848175918780028,0.03476937485366425,0.6618384168806676,1.4077003328266608,1.1326035204856755,False
68,1.2254879777937204,0.0020769766859515936,0.7868945685639545,0.03476937485366425,0.6618384168806676,1.4077003328266608,1.197037322300261,False
69,1.1930848353519996,0.0020220593202796874,0.7889166278842341,0.03476937485366425,0.6618384168806676,1.4077003328266608,1.295479279326334,False
70,1.185954540799252,0.0020099747826764,0.7909266026669105,0.03476937485366425,0.6618384168806676,1.4077003328266608,1.315820538614115,False
71,1.1664981237632068,0.0019769997349335664,0.7929036024018441,0.03476937485366425,0.6618384168806676,1.4077003328266608,1.369081055099077,False
72,1.1370670269978165,0.0019271194399560904,0.7948307218418001,0.03476937485366425,0.6618384168806676,1.4077003328266608,1.4437071057904383,False
73,1.1157415081541293,0.0018909766084826223,0.7967216984502827,0.03476937485366425,0.6618384168806676,1.4077003328266608,1.4934890158579468,False
74,1.1144813920637127,0.0018888409435158392,0.7986105393937986,0.03476937485366425,0.6618384168806676,1.4077003328266608,1.4963194816462508,False
75,1.0948692864219565,0.0018556020322262469,0.8004661414260248,0.03476937485366425,0.6618384168806676,1.4077003328266608,1.5387757327461522,False
76,1.0765107318429838,0.0018244876593892787,0.802290629085414,0.03476937485366425,0.6618384168806676,1.4077003328266608,1.5757806104234064,False
77,1.0658113174202681,0.00180635412016899,0.804096983205583,0.03476937485366425,0.6618384168806676,1.4077003328266608,1.5961055654621443,False
78,1.061876170955736,0.0017996847708071527,0.8058966679763901,0.03476937485366425,0.6618384168806676,1.4077003328266608,1.6033470276338326,False
79,1.0513137478612218,0.0017817834066877279,0.8076784513830779,0.03476937485366425,0.6618384168806676,1.4077003328266608,1.6221520409876173,False
80,1.0433582775484134,0.001768300347967535,0.8094467517310454,0.03476937485366425,0.6618384168806676,1.4077003328266608,1.6356975789531827,False
81,1.0383415164916572,0.0017597978608418503,0.8112065495918873,0.03476937485366425,0.6618384168806676,1.4077003328266608,1.6439611243179335,False
82,1.0348081202456083,0.001753809404195801,0.8129603589960831,0.03476937485366425,0.6618384168806676,1.4077003328266608,1.649650168908043,False
83,1.0341006912721422,0.0017526104422218934,0.814712969438305,0.03476937485366425,0.6618384168806676,1.4077003328266608,1.650776050949393,False
84,1.0319909432944407,0.0017490348075014219,0.8164620042458064,0.03476937485366425,0.6618384168806676,1.4077003328266608,1.6541075610804163,False
85,1.029193166723126,0.0017442930908820684,0.8182062973366885,0.03476937485366425,0.6618384168806676,1.4077003328266608,1.6584647234270367,False
86,1.0273880984497181,0.0017412338322125803,0.8199475311689011,0.03476937485366425,0.6618384168806676,1.4077003328266608,1.6612388240042326,False
87,1.0252829595135715,0.0017376660089696815,0.8216851971778707,0.03476937485366425,0.6618384168806676,1.4077003328266608,1.6644371214129106,False
88,1.0209959972552964,0.0017304003965562314,0.823415597574427,0.03476937485366425,0.6618384168806676,1.4077003328266608,1.6708260935988464,False
89,1.0172984074106066,0.001724133661964956,0.825139731236392,0.03476937485366425,0.6618384168806676,1.4077003328266608,1.6762014914427816,False
90,1.0164634280390739,0.0017227185255300427,0.826862449761922,0.03476937485366425,0.6618384168806676,1.4077003328266608,1.6773978434810326,False
91,1.013576769691265,0.0017178261706499072,0.8285802759325719,0.03476937485366425,0.6618384168806676,1.4077003328266608,1.6814837090330748,False
92,1.0126076938177608,0.0017161837653120679,0.8302964596978839,0.03476937485366425,0.6618384168806676,1.4077003328266608,1.6828378423385255,False
93,1.0120710660414303,0.0017152742799473244,0.8320117339778312,0.03476937485366425,0.6618384168806676,1.4077003328266608,1.6835838866579955,False
94,1.0093140219690695,0.0017106015974206923,0.8337223355752519,0.03476937485366425,0.6618384168806676,1.4077003328266608,1.6873738178548472,False
95,1.0081179144698642,0.0017085744152412197,0.8354309099904931,0.03476937485366425,0.6618384168806676,1.4077003328266608,1.6889954980042634,False
96,1.0073428909529922,0.0017072608929506908,0.8371381708834438,0.03476937485366425,0.6618384168806676,1.4077003328266608,1.6900389512608,False
97,1.0070912816749662,0.0017068344615095844,0.8388450053449533,0.03476937485366425,0.6618384168806676,1.4077003328266608,1.6903764640376193,False
98,1.005818549258784,0.001704677414191483,0.8405496827591448,0.03476937485366425,0.6618384168806676,1.4077003328266608,1.6920743768143107,False
99,1.0049888988468256,0.001703271309362752,0.8422529540685075,0.03476937485366425,0.6618384168806676,1.4077003328266608,1.6931727555052112,False
100,1.0040485353364677,0.0017016775661986214,0.8439546316347062,0.03476937485366425,0.6618384168806676,1.4077003328266608,1.694409630424678,False
101,1.0036307675074958,0.0017009695265795975,0.8456556011612858,0.03476937485366425,0.6618384168806676,1.4077003328266608,1.6949563658909843,False
102,1.0030323362215252,0.001699955295635168,0.847355556456921,0.03476937485366425,0.6618384168806676,1.4077003328266608,1.6957365699809506,False
103,1.0026553751760003,0.0016993164160074162,0.8490548728729284,0.03476937485366425,0.6618384168806676,1.4077003328266608,1.6962262354942048,False
104,1.0019538930108822,0.0016981275327797045,0.8507530004057081,0.03476937485366425,0.6618384168806676,1.4077003328266608,1.6971337426763744,False
105,1.000801638149689,0.001696174672754687,0.8524491750784629,0.03476937485366425,0.6618384168806676,1.4077003328266608,1.6986139220913197,False
106,1.0000661077130724,0.0016949280839701846,0.854144103162433,0.03476937485366425,0.6618384168806676,1.4077003328266608,1.6995519362232223,False
107,0.9999250947760768,0.0016946890929822153,0.8558387922554153,0.03476937485366425,0.6618384168806676,1.4077003328266608,1.6997311576857945,False
108,0.998794759530405,0.001692773382673252,0.8575315656380885,0.03476937485366425,0.6618384168806676,1.4077003328266608,1.7011606453283918,False
109,0.9977713256376107,0.0016910388504922241,0.8592226044885808,0.03476937485366425,0.6618384168806676,1.4077003328266608,1.7024439841195649,False
110,0.9968379239039004,0.0016894569062588473,0.8609120613948397,0.03476937485366425,0.6618384168806676,1.4077003328266608,1.7036053114479113,False
111,0.9962988270711717,0.0016885432362977078,0.8626006046311374,0.03476937485366425,0.6618384168806676,1.4077003328266608,1.704272074435685,False
112,0.9951167707462376,0.0016865398682738208,0.8642871444994112,0.03476937485366425,0.6618384168806676,1.4077003328266608,1.7057238353988406,False
113,0.9934778812232201,0.0016837622520165926,0.8659709067514278,0.03476937485366425,0.6618384168806676,1.4077003328266608,1.707713323825816,False
114,0.9928514418141009,0.0016827005524557006,0.8676536073038835,0.03476937485366425,0.6618384168806676,1.4077003328266608,1.7084665761813722,False
115,0.9918874142489499,0.0016810667030718511,0.8693346740069554,0.03476937485366425,0.6618384168806676,1.4077003328266608,1.7096179444923547,False
116,0.9911353104729784,0.0016797920255259145,0.8710144660324813,0.03476937485366425,0.6618384168806676,1.4077003328266608,1.7105096081821625,False
117,0.989126774049436,0.0016763879257712254,0.8726908539582525,0.03476937485366425,0.6618384168806676,1.4077003328266608,1.7128623569214247,False
118,0.987039486315532,0.001672850357032284,0.8743637043152848,0.03476937485366425,0.6618384168806676,1.4077003328266608,1.7152631235443938,False
119,0.9842961336646427,0.0016682008789464212,0.8760319051942311,0.03476937485366425,0.6618384168806676,1.4077003328266608,1.718349251011825,False
120,0.9828638337608582,0.0016657733940903011,0.8776976785883215,0.03476937485366425,0.6618384168806676,1.4077003328266608,1.719928981764497,False
121,0.9813094566211186,0.0016631390107761316,0.8793608175990976,0.03476937485366425,0.6618384168806676,1.4077003328266608,1.7216186734717784,False
122,0.9796727231018233,0.0016603650485486016,0.8810211826476462,0.03476937485366425,0.6618384168806676,1.4077003328266608,1.7233699308640236,False
123,0.9712517539443409,0.001646093054918198,0.8826672757025644,0.03476937485366425,0.6618384168806676,1.4077003328266608,1.7319186546608538,False
124,0.9681620628256112,0.001640856596840538,0.884308132299405,0.03476937485366425,0.6618384168806676,1.4077003328266608,1.7348574561472012,False
125,0.9604533658212467,0.0016277917734826175,0.8859359240728876,0.03476937485366425,0.6618384168806676,1.4077003328266608,1.7417123896189997,False
126,0.9492680464557237,0.001608834714769615,0.8875447587876572,0.03476937485366425,0.6618384168806676,1.4077003328266608,1.7504018070416323,False
127,0.9425709815477827,0.001597484421718891,0.8891422432093761,0.03476937485366425,0.6618384168806676,1.4077003328266608,1.7548599147204347,False
128,0.9317903960694809,0.0015792133124913224,0.8907214565218674,0.03476937485366425,0.6618384168806676,1.4077003328266608,1.7608025717698714,False
129,0.9259411893142727,0.0015692999830405109,0.892290756504908,0.03476937485366425,0.6618384168806676,1.4077003328266608,1.7633613154078343,False
130,0.9104133454302332,0.001542983144103985,0.8938337396490119,0.03476937485366425,0.6618384168806676,1.4077003328266608,1.7677337079732014,False
131,0.8992948977279396,0.001524139420558683,0.8953578790695707,0.03476937485366425,0.6618384168806676,1.4077003328266608,1.7685535973723185,False
132,0.8710324771535273,0.0014762398167394006,0.89683411888631,0.03476937485366425,0.6618384168806676,1.4077003328266608,1.760825696648512,False
133,0.8665361617121266,0.0014686193891924194,0.8983027382755024,0.03476937485366425,0.6618384168806676,1.4077003328266608,1.758156801450655,False
134,0.8611529798618631,0.0014594958862272054,0.8997622341617296,0.03476937485366425,0.6618384168806676,1.4077003328266608,1.7543908523073355,False
135,0.8539635040614513,0.0014473110472958994,0.9012095452090255,0.03476937485366425,0.6618384168806676,1.4077003328266608,1.7483471994465867,False
136,0.8437135363341892,0.0014299392375457893,0.9026394844465713,0.03476937485366425,0.6618384168806676,1.4077003328266608,1.737598154856897,False
137,0.8215606488520599,0.0013923941684299533,0.9040318786150012,0.03476937485366425,0.6618384168806676,1.4077003328266608,1.7047742163237891,False
138,0.8159016553133115,0.0013828032153900944,0.9054146818303913,0.03476937485366425,0.6618384168806676,1.4077003328266608,1.6940332941962652,False
139,0.80187529303283,0.001359031111564385,0.9067737129419557,0.03476937485366425,0.6618384168806676,1.4077003328266608,1.6626898050414725,False
140,0.7865860649238721,0.0013331186824717134,0.9081068316244275,0.03476937485366425,0.6618384168806676,1.4077003328266608,1.619865430370859,False
141,0.7699149654955001,0.0013048642356967668,0.9094116958601243,0.03476937485366425,0.6618384168806676,1.4077003328266608,1.5609302499014102,False
142,0.7632031343059179,0.0012934889165150136,0.9107051847766393,0.03476937485366425,0.6618384168806676,1.4077003328266608,1.5329819035021008,False
143,0.7405010911179666,0.0012550131294985392,0.9119601979061378,0.03476937485366425,0.6618384168806676,1.4077003328266608,1.4161513542825357,False
144,0.7384049921604308,0.0012514606273564233,0.9132116585334942,0.03476937485366425,0.6618384168806676,1.4077003328266608,1.4033213646908,False
145,0.7337626722701761,0.0012435927491270939,0.9144552512826213,0.03476937485366425,0.6618384168806676,1.4077003328266608,1.3734573726064443,False
146,0.7160311573297515,0.0012135410931294833,0.9156687923757507,0.03476937485366425,0.6618384168806676,1.4077003328266608,1.2376877605761478,False
147,0.7106016709477965,0.0012043391125010692,0.9168731314882518,0.03476937485366425,0.6618384168806676,1.4077003328266608,1.1876555134046176,False
148,0.7032144234595142,0.0011918190869401987,0.918064950575192,0.03476937485366425,0.6618384168806676,1.4077003328266608,1.1113373776017774,False
149,0.6927016239617702,0.0011740018256887193,0.9192389524008807,0.03476937485366425,0.6618384168806676,1.4077003328266608,0.9816353709812404,False
150,0.6884635371779837,0.0011668190482135691,0.9204057714490943,0.03476937485366425,0.6618384168806676,1.4077003328266608,0.9200767230637451,False
151,0.676637185512703,0.0011467755576744989,0.9215525470067688,0.03476937485366425,0.6618384168806676,1.4077003328266608,0.7036515102667652,False
152,0.6702974966776789,0.001136030951325738,0.9226885779580946,0.03476937485366425,0.6618384168806676,1.4077003328266608,0.5393486731598934,False
153,0.6602032899788254,0.0011189231278655356,0.9238075010859601,0.03476937485366425,0.6618384168806676,1.4077003328266608,0.0,False
154,0.6581672771003086,0.0011154724605741359,0.9249229735465342,0.03476937485366425,0.6618384168806676,1.4077003328266608,0.0,False
155,0.6514258918297238,0.0011040470526617466,0.926027020599196,0.03476937485366425,0.6618384168806676,1.4077003328266608,0.0,False
156,0.6424422143986778,0.0010888213720214646,0.9271158419712174,0.03476937485366425,0.6618384168806676,1.4077003328266608,0.0,False
157,0.6286134316676607,0.0010653841291860665,0.9281812261004035,0.03476937485366425,0.6618384168806676,1.4077003328266608,0.0,False
158,0.6178175913160346,0.0010470871657544457,0.929228313266158,0.03476937485366425,0.6618384168806676,1.4077003328266608,0.0,False
159,0.6039704475001321,0.0010236188042578064,0.9302519320704158,0.03476937485366425,0.6618384168806676,1.4077003328266608,0.0,False
160,0.5972959015635807,0.0010123066767210778,0.9312642387471368,0.03476937485366425,0.6618384168806676,1.4077003328266608,0.0,False
161,0.5916262587049237,0.001002697675042985,0.9322669364221798,0.03476937485366425,0.6618384168806676,1.4077003328266608,0.0,False
162,0.5800569291669205,0.0009830897897287738,0.9332500262119086,0.03476937485366425,0.6618384168806676,1.4077003328266608,0.0,False
163,0.571550578900943,0.0009686730908258758,0.9342186993027344,0.03476937485366425,0.6618384168806676,1.4077003328266608,0.0,False
164,0.565601411672504,0.0009585903467613111,0.9351772896494956,0.03476937485366425,0.6618384168806676,1.4077003328266608,0.0,False
165,0.5611195652306022,0.0009509944415068151,0.9361282840910025,0.03476937485366425,0.6618384168806676,1.4077003328266608,0.0,False
166,0.5537278769848124,0.0009384668896788753,0.9370667509806814,0.03476937485366425,0.6618384168806676,1.4077003328266608,0.0,False
167,0.5424002275481659,0.000919268607677852,0.9379860195883593,0.03476937485366425,0.6618384168806676,1.4077003328266608,0.0,False
168,0.5355612069542451,0.0009076777258530553,0.9388936973142123,0.03476937485366425,0.6618384168806676,1.4077003328266608,0.0,False
169,0.5236956119890566,0.000887567725139699,0.939781265039352,0.03476937485366425,0.6618384168806676,1.4077003328266608,0.0,False
170,0.5203808882732935,0.0008819498782062634,0.9406632149175582,0.03476937485366425,0.6618384168806676,1.4077003328266608,0.0,False
171,0.5116008134682771,0.0008670692665630869,0.9415302841841213,0.03476937485366425,0.6618384168806676,1.4077003328266608,0.0,False
172,0.5063445754308352,0.0008581609100084734,0.9423884450941298,0.03476937485366425,0.6618384168806676,1.4077003328266608,0.0,False
173,0.49840652613333797,0.0008447073767045249,0.9432331524708343,0.03476937485366425,0.6618384168806676,1.4077003328266608,0.0,False
174,0.49421024333730446,0.0008375954492985031,0.9440707479201328,0.03476937485366425,0.6618384168806676,1.4077003328266608,0.0,False
175,0.4850767472286947,0.0008221158535598617,0.9448928637736926,0.03476937485366425,0.6618384168806676,1.4077003328266608,0.0,False
176,0.4804593297715601,0.0008142901803737076,0.9457071539540663,0.03476937485366425,0.6618384168806676,1.4077003328266608,0.0,False
177,0.4719607035300304,0.0007998865722713646,0.9465070405263377,0.03476937485366425,0.6618384168806676,1.4077003328266608,0.0,False
178,0.465435460343679,0.0007888274854310222,0.9472958680117688,0.03476937485366425,0.6618384168806676,1.4077003328266608,0.0,False
179,0.45979689950994324,0.0007792711620674321,0.9480751391738362,0.03476937485366425,0.6618384168806676,1.4077003328266608,0.0,False
180,0.4483581886357961,0.0007598846513603122,0.9488350238251966,0.03476937485366425,0.6618384168806676,1.4077003328266608,0.0,False
181,0.4453690282247146,0.0007548185743388445,0.9495898423995354,0.03476937485366425,0.6618384168806676,1.4077003328266608,0.0,False
182,0.4412487739087049,0.0007478355012205343,0.9503376779007559,0.03476937485366425,0.6618384168806676,1.4077003328266608,0.0,False
183,0.43349942978084616,0.0007347017884655915,0.9510723796892214,0.03476937485366425,0.6618384168806676,1.4077003328266608,0.0,False
184,0.42524034784399783,0.0007207041638939653,0.9517930838531153,0.03476937485366425,0.6618384168806676,1.4077003328266608,0.0,False
185,0.42052775607953025,0.0007127171877648088,0.9525058010408801,0.03476937485366425,0.6618384168806676,1.4077003328266608,0.0,False
186,0.4186604937235462,0.0007095525215663561,0.9532153535624465,0.03476937485366425,0.6618384168806676,1.4077003328266608,0.0,False
187,0.4135099760565633,0.0007008233415917274,0.9539161769040382,0.03476937485366425,0.6618384168806676,1.4077003328266608,0.0,False
188,0.40711352265085177,0.0006899825297378596,0.954606159433776,0.03476937485366425,0.6618384168806676,1.4077003328266608,0.0,False
189,0.4021782218555313,0.0006816181027701686,0.9552877775365461,0.03476937485366425,0.6618384168806676,1.4077003328266608,0.0,False
190,0.3979149939657804,0.0006743927157452771,0.9559621702522915,0.03476937485366425,0.6618384168806676,1.4077003328266608,0.0,False
191,0.39128302505511703,0.0006631527484351105,0.9566253230007266,0.03476937485366425,0.6618384168806676,1.4077003328266608,0.0,False
192,0.38790615719441157,0.0006574295786078133,0.9572827525793344,0.03476937485366425,0.6618384168806676,1.4077003328266608,0.0,False
193,0.3784330315439305,0.0006413743732727423,0.9579241269526071,0.03476937485366425,0.6618384168806676,1.4077003328266608,0.0,False
194,0.3727917010108608,0.0006318133557782851,0.9585559403083854,0.03476937485366425,0.6618384168806676,1.4077003328266608,0.0,False
195,0.3672509805219061,0.0006224228538007371,0.9591783631621862,0.03476937485366425,0.6618384168806676,1.4077003328266608,0.0,False
196,0.3609119770992021,0.0006116794090997727,0.959790042571286,0.03476937485366425,0.6618384168806676,1.4077003328266608,0.0,False
197,0.35361334646183984,0.000599309572799571,0.9603893521440855,0.03476937485366425,0.6618384168806676,1.4077003328266608,0.0,False
198,0.35027910428987236,0.0005936586456734146,0.9609830107897589,0.03476937485366425,0.6618384168806676,1.4077003328266608,0.0,False
199,0.34281651892856124,0.0005810109362766475,0.9615640217260355,0.03476937485366425,0.6618384168806676,1.4077003328266608,0.0,False
200,0.33890994786497036,0.0005743900169627764,0.9621384117429983,0.03476937485366425,0.6618384168806676,1.4077003328266608,0.0,False
201,0.33717184558079133,0.0005714442533262059,0.9627098559963245,0.03476937485366425,0.6618384168806676,1.4077003328266608,0.0,False
202,0.3321789465508685,0.0005629822079464301,0.963272838204271,0.03476937485366425,0.6618384168806676,1.4077003328266608,0.0,False
203,0.3245330157896219,0.0005500237618243398,0.9638228619660953,0.03476937485366425,0.6618384168806676,1.4077003328266608,0.0,False
204,0.31766129184625364,0.0005383774538382213,0.9643612394199336,0.03476937485366425,0.6618384168806676,1.4077003328266608,0.0,False
205,0.3157362824201203,0.0005351149169788112,0.9648963543369123,0.03476937485366425,0.6618384168806676,1.4077003328266608,0.0,False
206,0.3097726168098896,0.0005250076008241803,0.9654213619377365,0.03476937485366425,0.6618384168806676,1.4077003328266608,0.0,False
207,0.3050854244068191,0.0005170636719402156,0.9659384256096768,0.03476937485366425,0.6618384168806676,1.4077003328266608,0.0,False
208,0.3000905831529246,0.0005085983348480926,0.9664470239445249,0.03476937485366425,0.6618384168806676,1.4077003328266608,0.0,False
209,0.2976128537257129,0.0005043990392632597,0.9669514229837881,0.03476937485366425,0.6618384168806676,1.4077003328266608,0.0,False
210,0.29265321522910565,0.0004959933643689646,0.9674474163481571,0.03476937485366425,0.6618384168806676,1.4077003328266608,0.0,False
211,0.2876692535166928,0.00048754646609829115,0.9679349628142554,0.03476937485366425,0.6618384168806676,1.4077003328266608,0.0,False
212,0.28572990149060906,0.0004842596211703787,0.9684192224354258,0.03476937485366425,0.6618384168806676,1.4077003328266608,0.0,False
213,0.27968082181538106,0.00047400754388804493,0.9688932299793138,0.03476937485366425,0.6618384168806676,1.4077003328266608,0.0,False
214,0.2717828814334371,0.0004606219878176659,0.9693538519671315,0.03476937485366425,0.6618384168806676,1.4077003328266608,0.0,False
215,0.26987289428909284,0.0004573849109624427,0.969811236878094,0.03476937485366425,0.6618384168806676,1.4077003328266608,0.0,False
216,0.26478310601440874,0.00044875865613619746,0.9702599955342303,0.03476937485366425,0.6618384168806676,1.4077003328266608,0.0,False
217,0.2598956140541805,0.00044047525634924447,0.9707004707905795,0.03476937485366425,0.6618384168806676,1.4077003328266608,0.0,False
218,0.25696581295738197,0.00043550978244595806,0.9711359805730255,0.03476937485366425,0.6618384168806676,1.4077003328266608,0.0,False
219,0.2542350905561665,0.00043088171030987633,0.9715668622833354,0.03476937485366425,0.6618384168806676,1.4077003328266608,0.0,False
220,0.25040973777929976,0.0004243984410513755,0.9719912607243868,0.03476937485366425,0.6618384168806676,1.4077003328266608,0.0,False
221,0.24380485075583316,0.0004132043725581198,0.9724044650969449,0.03476937485366425,0.6618384168806676,1.4077003328266608,0.0,False
222,0.24179861256752205,0.00040980416788937243,0.9728142692648343,0.03476937485366425,0.6618384168806676,1.4077003328266608,0.0,False
223,0.23687598527644324,0.00040146122017999824,0.9732157304850143,0.03476937485366425,0.6618384168806676,1.4077003328266608,0.0,False
224,0.22833349455376958,0.0003869832698512701,0.9736027137548656,0.03476937485366425,0.6618384168806676,1.4077003328266608,0.0,False
225,0.22671238593348966,0.0003842357889532704,0.9739869495438189,0.03476937485366425,0.6618384168806676,1.4077003328266608,0.0,False
226,0.22592578722697312,0.0003829026488456246,0.9743698521926646,0.03476937485366425,0.6618384168806676,1.4077003328266608,0.0,False
227,0.22081871773196038,0.0003742471055299141,0.9747440992981945,0.03476937485366425,0.6618384168806676,1.4077003328266608,0.0,False
228,0.21951563568807206,0.0003720386211758605,0.9751161379193704,0.03476937485366425,0.6618384168806676,1.4077003328266608,0.0,False
229,0.21571899206163517,0.00036560400864610505,0.9754817419280165,0.03476937485366425,0.6618384168806676,1.4077003328266608,0.0,False
230,0.21146822293901896,0.0003583997369396364,0.9758401416649561,0.03476937485366425,0.6618384168806676,1.4077003328266608,0.0,False
231,0.20981450866990736,0.00035559699546488616,0.976195738660421,0.03476937485366425,0.6618384168806676,1.4077003328266608,0.0,False
232,0.20551009225184527,0.00034830180146140237,0.9765440404618824,0.03476937485366425,0.6618384168806676,1.4077003328266608,0.0,False
233,0.20213295223152797,0.00034257817037362863,0.976886618632256,0.03476937485366425,0.6618384168806676,1.4077003328266608,0.0,False
234,0.19984822512777353,0.00033870597822303504,0.9772253246104791,0.03476937485366425,0.6618384168806676,1.4077003328266608,0.0,False
235,0.195923602150859,0.000332054464236846,0.977557379074716,0.03476937485366425,0.6618384168806676,1.4077003328266608,0.0,False
236,0.19040566820109178,0.0003227025812514901,0.9778800816559674,0.03476937485366425,0.6618384168806676,1.4077003328266608,0.0,False
237,0.1888227810182494,0.00032001987865886734,0.9782001015346262,0.03476937485366425,0.6618384168806676,1.4077003328266608,0.0,False
238,0.1879725968882207,0.00031857897295531676,0.9785186805075815,0.03476937485366425,0.6618384168806676,1.4077003328266608,0.0,False
239,0.1872151469174616,0.00031729523459268213,0.9788359757421742,0.03476937485366425,0.6618384168806676,1.4077003328266608,0.0,False
240,0.18358139757270697,0.0003111366979049255,0.9791471124400791,0.03476937485366425,0.6618384168806676,1.4077003328266608,0.0,False
241,0.18186359861394433,0.00030822534467000827,0.9794553377847491,0.03476937485366425,0.6618384168806676,1.4077003328266608,0.0,False
242,0.17979888679158187,0.0003047260379481456,0.9797600638226973,0.03476937485366425,0.6618384168806676,1.4077003328266608,0.0,False
243,0.17849636830258517,0.00030251850871596377,0.9800625823314133,0.03476937485366425,0.6618384168806676,1.4077003328266608,0.0,False
244,0.17617651035365967,0.00029858677624535054,0.9803611691076587,0.03476937485366425,0.6618384168806676,1.4077003328266608,0.0,False
245,0.1721188227982515,0.0002917097422767013,0.9806528788499353,0.03476937485366425,0.6618384168806676,1.4077003328266608,0.0,False
246,0.16971172325550507,0.0002876301513532148,0.9809405090012886,0.03476937485366425,0.6618384168806676,1.4077003328266608,0.0,False
247,0.1662913567152333,0.00028183325926591505,0.9812223422605545,0.03476937485366425,0.6618384168806676,1.4077003328266608,0.0,False
248,0.16376145577745713,0.0002775455425679609,0.9814998878031225,0.03476937485366425,0.6618384168806676,1.4077003328266608,0.0,False
249,0.16256548380227895,0.0002755185900767838,0.9817754063931993,0.03476937485366425,0.6618384168806676,1.4077003328266608,0.0,False
250,0.16166628089473692,0.00027399460656266805,0.9820494009997619,0.03476937485366425,0.6618384168806676,1.4077003328266608,0.0,False
251,0.15891963310432292,0.0002693395438214728,0.9823187405435834,0.03476937485366425,0.6618384168806676,1.4077003328266608,0.0,False
252,0.15595632868846565,0.0002643172879555332,0.9825830578315389,0.03476937485366425,0.6618384168806676,1.4077003328266608,0.0,False
253,0.15308600154339702,0.0002594526114598124,0.9828425104429986,0.03476937485366425,0.6618384168806676,1.4077003328266608,0.0,False
254,0.1520150428370748,0.0002576375334623499,0.983100147976461,0.03476937485366425,0.6618384168806676,1.4077003328266608,0.0,False
255,0.14970826149157626,0.0002537279634290199,0.98335387593989,0.03476937485366425,0.6618384168806676,1.4077003328266608,0.0,False
256,0.14752924588550928,0.00025003493282069547,0.9836039108727107,0.03476937485366425,0.6618384168806676,1.4077003328266608,0.0,False
257,0.14691477502718991,0.0002489935177517173,0.9838529043904625,0.03476937485366425,0.6618384168806676,1.4077003328266608,0.0,False
258,0.14439188126536415,0.0002447176769279839,0.9840976220673905,0.03476937485366425,0.6618384168806676,1.4077003328266608,0.0,False
259,0.1425921162685702,0.00024166740633678444,0.9843392894737273,0.03476937485366425,0.6618384168806676,1.4077003328266608,0.0,False
260,0.14119788263373928,0.00023930443680400553,0.9845785939105313,0.03476937485366425,0.6618384168806676,1.4077003328266608,0.0,False
261,0.13805834456434282,0.00023398349731463297,0.9848125774078459,0.03476937485366425,0.6618384168806676,1.4077003328266608,0.0,False
262,0.13743665729701096,0.00023292985175988354,0.9850455072596058,0.03476937485366425,0.6618384168806676,1.4077003328266608,0.0,False
263,0.13698719845739737,0.0002321681017075877,0.9852776753613134,0.03476937485366425,0.6618384168806676,1.4077003328266608,0.0,False
264,0.13623230365430092,0.00023088869388410168,0.9855085640551975,0.03476937485366425,0.6618384168806676,1.4077003328266608,0.0,False
265,0.13443322064930466,0.00022783957914354245,0.985736403634341,0.03476937485366425,0.6618384168806676,1.4077003328266608,0.0,False
266,0.13182204120444008,0.00022341411032777847,0.9859598177446688,0.03476937485366425,0.6618384168806676,1.4077003328266608,0.0,False
267,0.13110680481188916,0.000222201916214747,0.9861820196608835,0.03476937485366425,0.6618384168806676,1.4077003328266608,0.0,False
268,0.12913572295462442,0.00021886129505988968,0.9864008809559434,0.03476937485366425,0.6618384168806676,1.4077003328266608,0.0,False
269,0.1268171710756113,0.00021493177613751794,0.9866158127320809,0.03476937485366425,0.6618384168806676,1.4077003328266608,0.0,False
270,0.1250249150041322,0.0002118942317934119,0.9868277069638743,0.03476937485366425,0.6618384168806676,1.4077003328266608,0.0,False
271,0.1239532796523521,0.00021007800700637163,0.9870377849708807,0.03476937485366425,0.6618384168806676,1.4077003328266608,0.0,False
272,0.1217200193153809,0.00020629304155783226,0.9872440780124385,0.03476937485366425,0.6618384168806676,1.4077003328266608,0.0,False
273,0.12074950428595457,0.00020464819711544689,0.9874487262095539,0.03476937485366425,0.6618384168806676,1.4077003328266608,0.0,False
274,0.1188012277056597,0.00020134622670987587,0.9876500724362638,0.03476937485366425,0.6618384168806676,1.4077003328266608,0.0,False
275,0.11751719219283535,0.0001991700227222436,0.9878492424589861,0.03476937485366425,0.6618384168806676,1.4077003328266608,0.0,False
276,0.11388198783975821,0.00019300902006303853,0.9880422514790491,0.03476937485366425,0.6618384168806676,1.4077003328266608,0.0,False
277,0.11270460984958078,0.00019101358095595437,0.9882332650600051,0.03476937485366425,0.6618384168806676,1.4077003328266608,0.0,False
278,0.11158168472610511,0.00018911042944097406,0.988422375489446,0.03476937485366425,0.6618384168806676,1.4077003328266608,0.0,False
279,0.11000429789658096,0.0001864370489354003,0.9886088125383814,0.03476937485366425,0.6618384168806676,1.4077003328266608,0.0,False
280,0.10973781385629934,0.000185985407508579,0.98879479794589,0.03476937485366425,0.6618384168806676,1.4077003328266608,0.0,False
281,0.1065872823837012,0.00018064583622308693,0.9889754437821131,0.03476937485366425,0.6618384168806676,1.4077003328266608,0.0,False
282,0.10468688340920251,0.00017742500955194638,0.9891528687916651,0.03476937485366425,0.6618384168806676,1.4077003328266608,0.0,False
283,0.10254174280999183,0.00017378939084871763,0.9893266581825138,0.03476937485366425,0.6618384168806676,1.4077003328266608,0.0,False
284,0.10063532905693749,0.00017055837023438256,0.9894972165527481,0.03476937485366425,0.6618384168806676,1.4077003328266608,0.0,False
285,0.09992465769624045,0.0001693539130105764,0.9896665704657587,0.03476937485366425,0.6618384168806676,1.4077003328266608,0.0,False
286,0.09755179189271435,0.00016533234197755147,0.9898319028077363,0.03476937485366425,0.6618384168806676,1.4077003328266608,0.0,False
287,0.09552658776301404,0.00016189999352705654,0.9899938028012633,0.03476937485366425,0.6618384168806676,1.4077003328266608,0.0,False
288,0.09403209281075384,0.0001593670995049503,0.9901531699007682,0.03476937485366425,0.6618384168806676,1.4077003328266608,0.0,False
289,0.09329311007966193,0.00015811465971638384,0.9903112845604846,0.03476937485366425,0.6618384168806676,1.4077003328266608,0.0,False
290,0.0916588890475811,0.0001553449556924942,0.990466629516177,0.03476937485366425,0.6618384168806676,1.4077003328266608,0.0,False
291,0.09030393205063873,0.00015304855283574583,0.9906196780690127,0.03476937485366425,0.6618384168806676,1.4077003328266608,0.0,False
292,0.09005412767129137,0.000152625180365877,0.9907723032493786,0.03476937485366425,0.6618384168806676,1.4077003328266608,0.0,False
293,0.08828478956079916,0.00014962647774973716,0.9909219297271283,0.03476937485366425,0.6618384168806676,1.4077003328266608,0.0,False
294,0.08669612524593436,0.00014693398398107706,0.9910688637111094,0.03476937485366425,0.6618384168806676,1.4077003328266608,0.0,False
295,0.08543667879736373,0.0001447994539340381,0.9912136631650434,0.03476937485366425,0.6618384168806676,1.4077003328266608,0.0,False
296,0.08357755582425425,0.00014164858249226587,0.9913553117475357,0.03476937485366425,0.6618384168806676,1.4077003328266608,0.0,False
297,0.08339658464879808,0.0001413418696406813,0.9914966536171763,0.03476937485366425,0.6618384168806676,1.4077003328266608,0.0,False
298,0.08196612696724287,0.00013891750701235152,0.9916355711241887,0.03476937485366425,0.6618384168806676,1.4077003328266608,0.0,False
299,0.07856630180908242,0.0001331554287890109,0.9917687265529777,0.03476937485366425,0.6618384168806676,1.4077003328266608,0.0,False
300,0.07773782082289257,0.00013175130592183403,0.9919004778588995,0.03476937485366425,0.6618384168806676,1.4077003328266608,0.0,False
301,0.07674788593707133,0.00013007354839526694,0.9920305514072947,0.03476937485366425,0.6618384168806676,1.4077003328266608,0.0,False
302,0.07612146730100397,0.0001290118840408766,0.9921595632913356,0.03476937485366425,0.6618384168806676,1.4077003328266608,0.0,False
303,0.07480324032078008,0.00012677773180574286,0.9922863410231413,0.03476937485366425,0.6618384168806676,1.4077003328266608,0.0,False
304,0.0739326179864403,0.00012530218710562433,0.9924116432102469,0.03476937485366425,0.6618384168806676,1.4077003328266608,0.0,False
305,0.07282154437629279,0.00012341912172557303,0.9925350623319724,0.03476937485366425,0.6618384168806676,1.4077003328266608,0.0,False
306,0.07188161250839488,0.00012182611011600871,0.9926568884420884,0.03476937485366425,0.6618384168806676,1.4077003328266608,0.0,False
307,0.07072539162050435,0.00011986652840531559,0.9927767549704938,0.03476937485366425,0.6618384168806676,1.4077003328266608,0.0,False
308,0.07015533077212018,0.0001189003801336701,0.9928956553506274,0.03476937485366425,0.6618384168806676,1.4077003328266608,0.0,False
309,0.06935005764916811,0.00011753559032544532,0.9930131909409529,0.03476937485366425,0.6618384168806676,1.4077003328266608,0.0,False
310,0.06874946627226254,0.00011651769842424348,0.9931297086393771,0.03476937485366425,0.6618384168806676,1.4077003328266608,0.0,False
311,0.06589006658046916,0.00011167154195164878,0.9932413801813288,0.03476937485366425,0.6618384168806676,1.4077003328266608,0.0,False
312,0.0657914282636854,0.00011150436814985418,0.9933528845494787,0.03476937485366425,0.6618384168806676,1.4077003328266608,0.0,False
313,0.06447257000754508,0.00010926914601816934,0.9934621536954968,0.03476937485366425,0.6618384168806676,1.4077003328266608,0.0,False
314,0.06291303162784805,0.00010662601535171518,0.9935687797108486,0.03476937485366425,0.6618384168806676,1.4077003328266608,0.0,False
315,0.06275236071874894,0.00010635370771724106,0.9936751334185658,0.03476937485366425,0.6618384168806676,1.4077003328266608,0.0,False
316,0.06146874016398472,0.00010417820700718653,0.993779311625573,0.03476937485366425,0.6618384168806676,1.4077003328266608,0.0,False
317,0.060451695991328276,0.00010245450422636175,0.9938817661297994,0.03476937485366425,0.6618384168806676,1.4077003328266608,0.0,False
318,0.06001935928727093,0.0001017217730441066,0.9939834879028435,0.03476937485366425,0.6618384168806676,1.4077003328266608,0.0,False
319,0.058859143533739,9.975542077103257e-05,0.9940832433236145,0.03476937485366425,0.6618384168806676,1.4077003328266608,0.0,False
320,0.05801170931186957,9.831917565594863e-05,0.9941815624992705,0.03476937485366425,0.6618384168806676,1.4077003328266608,0.0,False
321,0.05699681834860577,9.659912216894763e-05,0.9942781616214394,0.03476937485366425,0.6618384168806676,1.4077003328266608,0.0,False
322,0.056937133098024985,9.649796664869958e-05,0.9943746595880881,0.03476937485366425,0.6618384168806676,1.4077003328266608,0.0,False
323,0.05613458071249577,9.513778798990935e-05,0.994469797376078,0.03476937485366425,0.6618384168806676,1.4077003328266608,0.0,False
324,0.055099115113341625,9.338286427991106e-05,0.994563180240358,0.03476937485366425,0.6618384168806676,1.4077003328266608,0.0,False
325,0.05380978961522828,9.119769474034085e-05,0.9946543779350983,0.03476937485366425,0.6618384168806676,1.4077003328266608,0.0,False
326,0.053667769794550436,9.095699726975288e-05,0.994745334932368,0.03476937485366425,0.6618384168806676,1.4077003328266608,0.0,False
327,0.05201148356619981,8.814989679722096e-05,0.9948334848291652,0.03476937485366425,0.6618384168806676,1.4077003328266608,0.0,False
328,0.05150029135882041,8.728352004281279e-05,0.9949207683492081,0.03476937485366425,0.6618384168806676,1.4077003328266608,0.0,False
329,0.051097400318083436,8.660069384316621e-05,0.9950073690430512,0.03476937485366425,0.6618384168806676,1.4077003328266608,0.0,False
330,0.05048058957340742,8.555531309725066e-05,0.9950929243561485,0.03476937485366425,0.6618384168806676,1.4077003328266608,0.0,False
331,0.04923780359654371,8.34490194849538e-05,0.9951763733756335,0.03476937485366425,0.6618384168806676,1.4077003328266608,0.0,False
332,0.048769383935492544,8.265513432828655e-05,0.9952590285099617,0.03476937485366425,0.6618384168806676,1.4077003328266608,0.0,False
333,0.048591972477908606,8.235445454366237e-05,0.9953413829645054,0.03476937485366425,0.6618384168806676,1.4077003328266608,0.0,False
334,0.047790300238905764,8.099576757132572e-05,0.9954223787320767,0.03476937485366425,0.6618384168806676,1.4077003328266608,0.0,False
335,0.04714629910190394,7.990430411226578e-05,0.995502283036189,0.03476937485366425,0.6618384168806676,1.4077003328266608,0.0,False
336,0.046645891194071074,7.90562047617476e-05,0.9955813392409508,0.03476937485366425,0.6618384168806676,1.4077003328266608,0.0,False
337,0.04601770940984235,7.799155219556622e-05,0.9956593307931464,0.03476937485366425,0.6618384168806676,1.4077003328266608,0.0,False
338,0.04578482090795677,7.759684902621047e-05,0.9957369276421726,0.03476937485366425,0.6618384168806676,1.4077003328266608,0.0,False
339,0.04496910286990788,7.621435700830599e-05,0.9958131419991809,0.03476937485366425,0.6618384168806676,1.4077003328266608,0.0,False
340,0.04424700980591185,7.499054209850394e-05,0.9958881325412794,0.03476937485366425,0.6618384168806676,1.4077003328266608,0.0,False
341,0.043248364889117895,7.329802267170444e-05,0.9959614305639511,0.03476937485366425,0.6618384168806676,1.4077003328266608,0.0,False
342,0.042747462886345164,7.244908592115516e-05,0.9960338796498723,0.03476937485366425,0.6618384168806676,1.4077003328266608,0.0,False
343,0.04203904348387975,7.124844535228937e-05,0.9961051280952247,0.03476937485366425,0.6618384168806676,1.4077003328266608,0.0,False
344,0.041022908437701205,6.952628337360497e-05,0.9961746543785983,0.03476937485366425,0.6618384168806676,1.4077003328266608,0.0,False
345,0.040500434266474296,6.864078576586521e-05,0.9962432951643642,0.03476937485366425,0.6618384168806676,1.4077003328266608,0.0,False
346,0.04019009143154974,6.811481175023197e-05,0.9963114099761144,0.03476937485366425,0.6618384168806676,1.4077003328266608,0.0,False
347,0.03947378555257232,6.69008050544465e-05,0.9963783107811689,0.03476937485366425,0.6618384168806676,1.4077003328266608,0.0,False
348,0.03939548505680816,6.676810011800691e-05,0.9964450788812869,0.03476937485366425,0.6618384168806676,1.4077003328266608,0.0,False
349,0.03880247311812624,6.576305397030767e-05,0.9965108419352572,0.03476937485366425,0.6618384168806676,1.4077003328266608,0.0,False
350,0.03840633872860564,6.509167905154331e-05,0.9965759336143087,0.03476937485366425,0.6618384168806676,1.4077003328266608,0.0,False
351,0.037665567715544315,6.383620845400466e-05,0.9966397698227627,0.03476937485366425,0.6618384168806676,1.4077003328266608,0.0,False
352,0.03745843687537472,6.34851597829697e-05,0.9967032549825456,0.03476937485366425,0.6618384168806676,1.4077003328266608,0.0,False
353,0.03688593560891826,6.251487545162232e-05,0.9967657698579973,0.03476937485366425,0.6618384168806676,1.4077003328266608,0.0,False
354,0.03667115504747192,6.215086191023878e-05,0.9968279207199074,0.03476937485366425,0.6618384168806676,1.4077003328266608,0.0,False
355,0.03506032415227435,5.94207998655999e-05,0.9968873415197731,0.03476937485366425,0.6618384168806676,1.4077003328266608,0.0,False
356,0.03452164702564338,5.8507841229088295e-05,0.9969458493610022,0.03476937485366425,0.6618384168806676,1.4077003328266608,0.0,False
357,0.03436304978975491,5.823904808924065e-05,0.9970040884090914,0.03476937485366425,0.6618384168806676,1.4077003328266608,0.0,False
358,0.03401199611829258,5.764407669469654e-05,0.9970617324857861,0.03476937485366425,0.6618384168806676,1.4077003328266608,0.0,False
359,0.033291855242427545,5.642357038465896e-05,0.9971181560561708,0.03476937485366425,0.6618384168806676,1.4077003328266608,0.0,False
360,0.03255074216699205,5.516752005432067e-05,0.9971733235762251,0.03476937485366425,0.6618384168806676,1.4077003328266608,0.0,False
361,0.03231295759681886,5.476451894988073e-05,0.997228088095175,0.03476937485366425,0.6618384168806676,1.4077003328266608,0.0,False
362,0.031450863906392304,5.330342873229613e-05,0.9972813915239074,0.03476937485366425,0.6618384168806676,1.4077003328266608,0.0,False
363,0.031134149491223305,5.2766656060241793e-05,0.9973341581799676,0.03476937485366425,0.6618384168806676,1.4077003328266608,0.0,False
364,0.03005281527570233,5.0933993483329215e-05,0.997385092173451,0.03476937485366425,0.6618384168806676,1.4077003328266608,0.0,False
365,0.029802948179582046,5.051051472006745e-05,0.997435602688171,0.03476937485366425,0.6618384168806676,1.4077003328266608,0.0,False
366,0.029564702230663025,5.0106731663526916e-05,0.9974857094198345,0.03476937485366425,0.6618384168806676,1.4077003328266608,0.0,False
367,0.02925487426780494,4.9581630261332306e-05,0.9975352910500959,0.03476937485366425,0.6618384168806676,1.4077003328266608,0.0,False
368,0.028699824971447005,4.864092380889959e-05,0.9975839319739047,0.03476937485366425,0.6618384168806676,1.4077003328266608,0.0,False
369,0.028552844849917127,4.839181954084673e-05,0.9976323237934456,0.03476937485366425,0.6618384168806676,1.4077003328266608,0.0,False
370,0.027872632232504836,4.723898428382616e-05,0.9976795627777294,0.03476937485366425,0.6618384168806676,1.4077003328266608,0.0,False
371,0.027589024338917505,4.6758321075694815e-05,0.9977263210988051,0.03476937485366425,0.6618384168806676,1.4077003328266608,0.0,False
372,0.026992298220151346,4.574698007600015e-05,0.9977720680788811,0.03476937485366425,0.6618384168806676,1.4077003328266608,0.0,False
373,0.026746420173853185,4.533026201837546e-05,0.9978173983408994,0.03476937485366425,0.6618384168806676,1.4077003328266608,0.0,False
374,0.02627498380473584,4.45312640964789e-05,0.9978619296049959,0.03476937485366425,0.6618384168806676,1.4077003328266608,0.0,False
375,0.025851711042785108,4.381389462872393e-05,0.9979057434996246,0.03476937485366425,0.6618384168806676,1.4077003328266608,0.0,False
376,0.025409075464320717,4.3063708748893136e-05,0.9979488072083734,0.03476937485366425,0.6618384168806676,1.4077003328266608,0.0,False
377,0.025110985857877362,4.2558501701475206e-05,0.9979913657100749,0.03476937485366425,0.6618384168806676,1.4077003328266608,0.0,False
378,0.02485726122889867,4.2128485129636455e-05,0.9980334941952045,0.03476937485366425,0.6618384168806676,1.4077003328266608,0.0,False
379,0.024563867688043393,4.1631237049518796e-05,0.998075125432254,0.03476937485366425,0.6618384168806676,1.4077003328266608,0.0,False
380,0.024222982731202342,4.105349975565719e-05,0.9981161789320097,0.03476937485366425,0.6618384168806676,1.4077003328266608,0.0,False
381,0.023858553300414073,4.043585890961271e-05,0.9981566147909192,0.03476937485366425,0.6618384168806676,1.4077003328266608,0.0,False
382,0.023303403513174448,3.949498214362148e-05,0.9981961097730628,0.03476937485366425,0.6618384168806676,1.4077003328266608,0.0,False
383,0.022980145133481244,3.894711865550305e-05,0.9982350568917183,0.03476937485366425,0.6618384168806676,1.4077003328266608,0.0,False
384,0.022685350873581457,3.8447496614276245e-05,0.9982735043883326,0.03476937485366425,0.6618384168806676,1.4077003328266608,0.0,False
385,0.02225755603802026,3.772246306361609e-05,0.9983112268513963,0.03476937485366425,0.6618384168806676,1.4077003328266608,0.0,False
386,0.022072424433706665,3.7408699050455886e-05,0.9983486355504467,0.03476937485366425,0.6618384168806676,1.4077003328266608,0.0,False
387,0.021694494791859323,3.6768177830117085e-05,0.9983854037282769,0.03476937485366425,0.6618384168806676,1.4077003328266608,0.0,False
388,0.021120948504575812,3.579612238070617e-05,0.9984211998506576,0.03476937485366425,0.6618384168806676,1.4077003328266608,0.0,False
389,0.021046722665644307,3.5670323238038545e-05,0.9984568701738956,0.03476937485366425,0.6618384168806676,1.4077003328266608,0.0,False
390,0.020340791594823472,3.447389993356569e-05,0.9984913440738292,0.03476937485366425,0.6618384168806676,1.4077003328266608,0.0,False
391,0.020301101695887624,3.4406632856082035e-05,0.9985257507066853,0.03476937485366425,0.6618384168806676,1.4077003328266608,0.0,False
392,0.02013538375842502,3.4125771436965167e-05,0.9985598764781222,0.03476937485366425,0.6618384168806676,1.4077003328266608,0.0,False
393,0.019590759269387366,3.320273311522986e-05,0.9985930792112374,0.03476937485366425,0.6618384168806676,1.4077003328266608,0.0,False
394,0.019455809961418616,3.2974018863017444e-05,0.9986260532301005,0.03476937485366425,0.6618384168806676,1.4077003328266608,0.0,False
395,0.019214784662849475,3.256552532009924e-05,0.9986586187554205,0.03476937485366425,0.6618384168806676,1.4077003328266608,0.0,False
396,0.018728988904491435,3.1742190874941865e-05,0.9986903609462955,0.03476937485366425,0.6618384168806676,1.4077003328266608,0.0,False
397,0.018227509571054828,3.0892275655121e-05,0.9987212532219506,0.03476937485366425,0.6618384168806676,1.4077003328266608,0.0,False
398,0.018011798057076707,3.052668432045081e-05,0.9987517799062711,0.03476937485366425,0.6618384168806676,1.4077003328266608,0.0,False
399,0.017966642881405658,3.045015460427386e-05,0.9987822300608753,0.03476937485366425,0.6618384168806676,1.4077003328266608,0.0,False
400,0.01745740153105065,2.958708419364932e-05,0.998811817145069,0.03476937485366425,0.6618384168806676,1.4077003328266608,0.0,False
401,0.017345090845740478,2.939673824232271e-05,0.9988412138833113,0.03476937485366425,0.6618384168806676,1.4077003328266608,0.0,False
402,0.016902251560114722,2.864620711632665e-05,0.9988698600904276,0.03476937485366425,0.6618384168806676,1.4077003328266608,0.0,False
403,0.01676053907960932,2.840603053079377e-05,0.9988982661209583,0.03476937485366425,0.6618384168806676,1.4077003328266608,0.0,False
404,0.016501834381479154,2.7967573657859075e-05,0.9989262336946162,0.03476937485366425,0.6618384168806676,1.4077003328266608,0.0,False
405,0.016116340129675995,2.7314231815203897e-05,0.9989535479264314,0.03476937485366425,0.6618384168806676,1.4077003328266608,0.0,False
406,0.0158984092602207,2.694487908126464e-05,0.9989804928055127,0.03476937485366425,0.6618384168806676,1.4077003328266608,0.0,False
407,0.015580793805287691,2.640657931256237e-05,0.9990068993848252,0.03476937485366425,0.6618384168806676,1.4077003328266608,0.0,False
408,0.015243094251218184,2.5834240690423166e-05,0.9990327336255157,0.03476937485366425,0.6618384168806676,1.4077003328266608,0.0,False
409,0.015155902769294084,2.568646716799665e-05,0.9990584200926838,0.03476937485366425,0.6618384168806676,1.4077003328266608,0.0,False
410,0.014993904003917901,2.5411909061400593e-05,0.9990838320017451,0.03476937485366425,0.6618384168806676,1.4077003328266608,0.0,False
411,0.014470223439001716,2.4524366838281405e-05,0.9991083563685834,0.03476937485366425,0.6618384168806676,1.4077003328266608,0.0,False
412,0.014387529975021645,2.438421662883064e-05,0.9991327405852123,0.03476937485366425,0.6618384168806676,1.4077003328266608,0.0,False
413,0.013906578650661484,2.356909260813483e-05,0.9991563096778204,0.03476937485366425,0.6618384168806676,1.4077003328266608,0.0,False
414,0.013613710673197148,2.3072735261284046e-05,0.9991793824130817,0.03476937485366425,0.6618384168806676,1.4077003328266608,0.0,False
415,0.013464909389906542,2.2820544459061184e-05,0.9992022029575407,0.03476937485366425,0.6618384168806676,1.4077003328266608,0.0,False
416,0.013115413041300155,2.222821244027833e-05,0.9992244311699809,0.03476937485366425,0.6618384168806676,1.4077003328266608,0.0,False
417,0.012953578074117929,2.1953931941489296e-05,0.9992463851019224,0.03476937485366425,0.6618384168806676,1.4077003328266608,0.0,False
418,0.012587902094905363,2.133417842517625e-05,0.9992677192803476,0.03476937485366425,0.6618384168806676,1.4077003328266608,0.0,False
419,0.012496828500352133,2.117982543598299e-05,0.9992888991057837,0.03476937485366425,0.6618384168806676,1.4077003328266608,0.0,False
420,0.012272502541743753,2.07996342023471e-05,0.999309698739986,0.03476937485366425,0.6618384168806676,1.4077003328266608,0.0,False
421,0.012016057961459124,2.0365007813397352e-05,0.9993300637477994,0.03476937485366425,0.6618384168806676,1.4077003328266608,0.0,False
422,0.011990971315562505,2.0322490563452713e-05,0.9993503862383629,0.03476937485366425,0.6618384168806676,1.4077003328266608,0.0,False
423,0.011786285581114789,1.997558589682338e-05,0.9993703618242598,0.03476937485366425,0.6618384168806676,1.4077003328266608,0.0,False
424,0.011733859773457811,1.988673379690988e-05,0.9993902485580567,0.03476937485366425,0.6618384168806676,1.4077003328266608,0.0,False
425,0.011455705085257166,1.94153127687567e-05,0.9994096638708254,0.03476937485366425,0.6618384168806676,1.4077003328266608,0.0,False
426,0.01134082912997806,1.9220619156730683e-05,0.9994288844899821,0.03476937485366425,0.6618384168806676,1.4077003328266608,0.0,False
427,0.011261095556756605,1.9085485417624795e-05,0.9994479699753998,0.03476937485366425,0.6618384168806676,1.4077003328266608,0.0,False
428,0.011027647646501455,1.8689834153989402e-05,0.9994666598095537,0.03476937485366425,0.6618384168806676,1.4077003328266608,0.0,False
429,0.010769636188851905,1.82525521961433e-05,0.9994849123617499,0.03476937485366425,0.6618384168806676,1.4077003328266608,0.0,False
430,0.01043259986789884,1.768133763213046e-05,0.999502593699382,0.03476937485366425,0.6618384168806676,1.4077003328266608,0.0,False
431,0.010075498162550888,1.707611593272502e-05,0.9995196698153147,0.03476937485366425,0.6618384168806676,1.4077003328266608,0.0,False
432,0.009836751082058573,1.667148355035414e-05,0.999536341298865,0.03476937485366425,0.6618384168806676,1.4077003328266608,0.0,False
433,0.009216383072578261,1.5620073894977095e-05,0.99955196137276,0.03476937485366425,0.6618384168806676,1.4077003328266608,0.0,False
434,0.009195229659623562,1.5584222751325474e-05,0.9995675455955113,0.03476937485366425,0.6618384168806676,1.4077003328266608,0.0,False
435,0.008907801276351131,1.5097084515981574e-05,0.9995826426800273,0.03476937485366425,0.6618384168806676,1.4077003328266608,0.0,False
436,0.008694809000302471,1.4736101789380485e-05,0.9995973787818166,0.03476937485366425,0.6618384168806676,1.4077003328266608,0.0,False
437,0.008390454018772142,1.4220276083746247e-05,0.9996115990579004,0.03476937485366425,0.6618384168806676,1.4077003328266608,0.0,False
438,0.008259311073010313,1.3998012915269713e-05,0.9996255970708157,0.03476937485366425,0.6618384168806676,1.4077003328266608,0.0,False
439,0.008006181603446528,1.3569005029155818e-05,0.9996391660758448,0.03476937485366425,0.6618384168806676,1.4077003328266608,0.0,False
440,0.007973023261968625,1.3512807740041312e-05,0.9996526788835849,0.03476937485366425,0.6618384168806676,1.4077003328266608,0.0,False
441,0.007819099799713285,1.3251935786731049e-05,0.9996659308193716,0.03476937485366425,0.6618384168806676,1.4077003328266608,0.0,False
442,0.007698610549780888,1.3047728672869418e-05,0.9996789785480444,0.03476937485366425,0.6618384168806676,1.4077003328266608,0.0,False
443,0.007402005939467907,1.2545038420717867e-05,0.9996915235864652,0.03476937485366425,0.6618384168806676,1.4077003328266608,0.0,False
444,0.007086132843024796,1.2009691629137908e-05,0.9997035332780944,0.03476937485366425,0.6618384168806676,1.4077003328266608,0.0,False
445,0.0068522795324469365,1.1613353286531523e-05,0.9997151466313808,0.03476937485366425,0.6618384168806676,1.4077003328266608,0.0,False
446,0.0064868121548694885,1.099395331161639e-05,0.9997261405846924,0.03476937485366425,0.6618384168806676,1.4077003328266608,0.0,False
447,0.0062310584372596905,1.0560497807811839e-05,0.9997367010825002,0.03476937485366425,0.6618384168806676,1.4077003328266608,0.0,False
448,0.006118718094960814,1.0370101593344965e-05,0.9997470711840936,0.03476937485366425,0.6618384168806676,1.4077003328266608,0.0,False
449,0.005982906598225082,1.0139926089777695e-05,0.9997572111101833,0.03476937485366425,0.6618384168806676,1.4077003328266608,0.0,False
450,0.005977530878893279,1.0130815234408493e-05,0.9997673419254177,0.03476937485366425,0.6618384168806676,1.4077003328266608,0.0,False
451,0.005952754430244497,1.008882371173616e-05,0.9997774307491295,0.03476937485366425,0.6618384168806676,1.4077003328266608,0.0,False
452,0.005649562737485571,9.574969566574986e-06,0.999787005718696,0.03476937485366425,0.6618384168806676,1.4077003328266608,0.0,False
453,0.005542007117882028,9.392682576896137e-06,0.999796398401273,0.03476937485366425,0.6618384168806676,1.4077003328266608,0.0,False
454,0.005409374980007393,9.16789550173488e-06,0.9998055662967748,0.03476937485366425,0.6618384168806676,1.4077003328266608,0.0,False
455,0.005334688747041849,9.041316075872005e-06,0.9998146076128506,0.03476937485366425,0.6618384168806676,1.4077003328266608,0.0,False
456,0.0048357739564455215,8.195747284401236e-06,0.999822803360135,0.03476937485366425,0.6618384168806676,1.4077003328266608,0.0,False
457,0.0047130249291846725,7.987710263668475e-06,0.9998307910703986,0.03476937485366425,0.6618384168806676,1.4077003328266608,0.0,False
458,0.00463702907016809,7.858911262563241e-06,0.9998386499816612,0.03476937485366425,0.6618384168806676,1.4077003328266608,0.0,False
459,0.004523697153843548,7.666834512529295e-06,0.9998463168161736,0.03476937485366425,0.6618384168806676,1.4077003328266608,0.0,False
460,0.004448917195411342,7.540096239241831e-06,0.9998538569124129,0.03476937485366425,0.6618384168806676,1.4077003328266608,0.0,False
461,0.004344659561167987,7.363398728062847e-06,0.999861220311141,0.03476937485366425,0.6618384168806676,1.4077003328266608,0.0,False
462,0.0041328406017384686,7.004404557292051e-06,0.9998682247156983,0.03476937485366425,0.6618384168806676,1.4077003328266608,0.0,False
463,0.003968035511455661,6.725090246220811e-06,0.9998749498059445,0.03476937485366425,0.6618384168806676,1.4077003328266608,0.0,False
464,0.003924612017928435,6.651495412723555e-06,0.9998816013013572,0.03476937485366425,0.6618384168806676,1.4077003328266608,0.0,False
465,0.0038811708317967406,6.577870593516393e-06,0.9998881791719507,0.03476937485366425,0.6618384168806676,1.4077003328266608,0.0,False
466,0.0037483679536837585,6.3527941450599045e-06,0.9998945319660958,0.03476937485366425,0.6618384168806676,1.4077003328266608,0.0,False
467,0.0036677453705551027,6.216153697700413e-06,0.9999007481197935,0.03476937485366425,0.6618384168806676,1.4077003328266608,0.0,False
468,0.003407051710789864,5.7743259006765755e-06,0.9999065224456941,0.03476937485366425,0.6618384168806676,1.4077003328266608,0.0,False
469,0.0032472371447123875,5.503469610094293e-06,0.9999120259153043,0.03476937485366425,0.6618384168806676,1.4077003328266608,0.0,False
470,0.003198415648399732,5.420726154873123e-06,0.9999174466414591,0.03476937485366425,0.6618384168806676,1.4077003328266608,0.0,False
471,0.0031339098520950094,5.311400696393429e-06,0.9999227580421555,0.03476937485366425,0.6618384168806676,1.4077003328266608,0.0,False
472,0.00291525752110561,4.940825217871358e-06,0.9999276988673733,0.03476937485366425,0.6618384168806676,1.4077003328266608,0.0,False
473,0.002724684726570411,4.617839388227521e-06,0.9999323167067615,0.03476937485366425,0.6618384168806676,1.4077003328266608,0.0,False
474,0.00254591364177349,4.314855285589528e-06,0.9999366315620472,0.03476937485366425,0.6618384168806676,1.4077003328266608,0.0,False
475,0.0024770137888055852,4.198082709380772e-06,0.9999408296447565,0.03476937485366425,0.6618384168806676,1.4077003328266608,0.0,False
476,0.002411476572370432,4.087009183516376e-06,0.99994491665394,0.03476937485366425,0.6618384168806676,1.4077003328266608,0.0,False
477,0.002326586595395422,3.943136288601906e-06,0.9999488597902286,0.03476937485366425,0.6618384168806676,1.4077003328266608,0.0,False
478,0.00207062616514117,3.5093304448911273e-06,0.9999523691206735,0.03476937485366425,0.6618384168806676,1.4077003328266608,0.0,False
479,0.0020050474746229232,3.3981866280853124e-06,0.9999557673073016,0.03476937485366425,0.6618384168806676,1.4077003328266608,0.0,False
480,0.0019476786968803603,3.3009571031679346e-06,0.9999590682644048,0.03476937485366425,0.6618384168806676,1.4077003328266608,0.0,False
481,0.0019154649174049087,3.246360672889317e-06,0.9999623146250777,0.03476937485366425,0.6618384168806676,1.4077003328266608,0.0,False
482,0.0017573319037890362,2.978354304397045e-06,0.9999652929793821,0.03476937485366425,0.6618384168806676,1.4077003328266608,0.0,False
483,0.0016441778097456947,2.7865789304181795e-06,0.9999680795583125,0.03476937485366425,0.6618384168806676,1.4077003328266608,0.0,False
484,0.0016272741082302676,2.757930265894327e-06,0.9999708374885784,0.03476937485366425,0.6618384168806676,1.4077003328266608,0.0,False
485,0.0015945035515774707,2.7023902007228577e-06,0.9999735398787791,0.03476937485366425,0.6618384168806676,1.4077003328266608,0.0,False
486,0.001559148992284666,2.6424707264205082e-06,0.9999761823495056,0.03476937485366425,0.6618384168806676,1.4077003328266608,0.0,False
487,0.0014882381467162021,2.52228988768885e-06,0.9999787046393933,0.03476937485366425,0.6618384168806676,1.4077003328266608,0.0,False
488,0.0013346184746587447,2.261932802879835e-06,0.9999809665721962,0.03476937485366425,0.6618384168806676,1.4077003328266608,0.0,False
489,0.0011550355285182992,1.957572744611691e-06,0.9999829241449407,0.03476937485366425,0.6618384168806676,1.4077003328266608,0.0,False
490,0.0011462198257339345,1.9426317500975155e-06,0.9999848667766909,0.03476937485366425,0.6618384168806676,1.4077003328266608,0.0,False
491,0.0009468309165671605,1.6047042279342446e-06,0.9999864714809188,0.03476937485366425,0.6618384168806676,1.4077003328266608,0.0,False
492,0.0009319450102020135,1.5794753550036994e-06,0.9999880509562737,0.03476937485366425,0.6618384168806676,1.4077003328266608,0.0,False
493,0.0008999588789186694,1.5252647465333523e-06,0.9999895762210202,0.03476937485366425,0.6618384168806676,1.4077003328266608,0.0,False
494,0.0007539723277060973,1.2778443973946615e-06,0.9999908540654177,0.03476937485366425,0.6618384168806676,1.4077003328266608,0.0,False
495,0.0007280265904630458,1.2338711456532113e-06,0.9999920879365634,0.03476937485366425,0.6618384168806676,1.4077003328266608,0.0,False
496,0.0006462179308795064,1.0952205168890975e-06,0.9999931831570803,0.03476937485366425,0.6618384168806676,1.4077003328266608,0.0,False
497,0.0005740679185750821,9.729395184926905e-07,0.9999941560965988,0.03476937485366425,0.6618384168806676,1.4077003328266608,0.0,False
498,0.0005548829960592425,9.404246040184387e-07,0.9999950965212028,0.03476937485366425,0.6618384168806676,1.4077003328266608,0.0,False
499,0.0005391267739067536,9.137207059285449e-07,0.9999960102419087,0.03476937485366425,0.6618384168806676,1.4077003328266608,0.0,False
500,0.00040021873786824457,6.782971378714211e-07,0.9999966885390466,0.03476937485366425,0.6618384168806676,1.4077003328266608,0.0,False
501,0.00034924600985349426,5.919077406481311e-07,0.9999972804467872,0.03476937485366425,0.6618384168806676,1.4077003328266608,0.0,False
502,0.0003119843707252193,5.287561168442821e-07,0.999997809202904,0.03476937485366425,0.6618384168806676,1.4077003328266608,0.0,False
503,0.00022670025874381883,3.84215235597653e-07,0.9999981934181397,0.03476937485366425,0.6618384168806676,1.4077003328266608,0.0,False
504,0.00020940419485562944,3.549015890295547e-07,0.9999985483197287,0.03476937485366425,0.6618384168806676,1.4077003328266608,0.0,False
505,0.0001713170432883992,2.9035087350000794e-07,0.9999988386706021,0.03476937485366425,0.6618384168806676,1.4077003328266608,0.0,False
506,0.00014174502793328972,2.4023174743584066e-07,0.9999990789023495,0.03476937485366425,0.6618384168806676,1.4077003328266608,0.0,False
507,0.00013018439345131643,2.2063859864208869e-07,0.9999992995409481,0.03476937485366425,0.6618384168806676,1.4077003328266608,0.0,False
508,0.00011552796041851309,1.9579864079676796e-07,0.9999994953395889,0.03476937485366425,0.6618384168806676,1.4077003328266608,0.0,False
509,6.629575097599405e-05,1.123591023738053e-07,0.9999996076986912,0.03476937485366425,0.6618384168806676,1.4077003328266608,0.0,False
510,5.594457958387399e-05,9.481577102882714e-08,0.9999997025144622,0.03476937485366425,0.6618384168806676,1.4077003328266608,0.0,False
511,3.9679195527775324e-05,6.724893717592729e-08,0.9999997697633994,0.03476937485366425,0.6618384168806676,1.4077003328266608,0.0,False
512,2.817421338395678e-05,4.775010885774145e-08,0.9999998175135083,0.03476937485366425,0.6618384168806676,1.4077003328266608,0.0,False
513,2.5845279794927e-05,4.3802994846673914e-08,0.9999998613165032,0.03476937485366425,0.6618384168806676,1.4077003328266608,0.0,False
514,2.00329673415553e-05,3.39521944505307e-08,0.9999998952686977,0.03476937485366425,0.6618384168806676,1.4077003328266608,0.0,False
515,1.4482157268508767e-05,2.4544592483991037e-08,0.9999999198132902,0.03476937485366425,0.6618384168806676,1.4077003328266608,0.0,False
516,1.2387739145754077e-05,2.0994939047628875e-08,0.9999999408082292,0.03476937485366425,0.6618384168806676,1.4077003328266608,0.0,False
517,1.2295201194117353e-05,2.083810424255701e-08,0.9999999616463334,0.03476937485366425,0.6618384168806676,1.4077003328266608,0.0,False
518,1.0974208520278944e-05,1.8599264665513798e-08,0.9999999802455981,0.03476937485366425,0.6618384168806676,1.4077003328266608,0.0,False
519,3.556301947527666e-06,6.027277596404552e-09,0.9999999862728757,0.03476937485366425,0.6618384168806676,1.4077003328266608,0.0,False
520,3.261536702776711e-06,5.5277047305174904e-09,0.9999999918005804,0.03476937485366425,0.6618384168806676,1.4077003328266608,0.0,False
521,1.0347464698662082e-06,1.7537049181437023e-09,0.9999999935542854,0.03476937485366425,0.6618384168806676,1.4077003328266608,0.0,False
522,8.434711850455443e-07,1.429528496693617e-09,0.9999999949838139,0.03476937485366425,0.6618384168806676,1.4077003328266608,0.0,False
523,7.488331968354655e-07,1.2691345159451733e-09,0.9999999962529483,0.03476937485366425,0.6618384168806676,1.4077003328266608,0.0,False
524,3.7628930118856525e-07,6.37741144673408e-10,0.9999999968906895,0.03476937485366425,0.6618384168806676,1.4077003328266608,0.0,False
525,3.345066826666795e-07,5.669272924606747e-10,0.9999999974576168,0.03476937485366425,0.6618384168806676,1.4077003328266608,0.0,False
526,2.6197887916931673e-07,4.4400600748936096e-10,0.9999999979016229,0.03476937485366425,0.6618384168806676,1.4077003328266608,0.0,False
527,2.322308698057022e-07,3.935886039560093e-10,0.9999999982952115,0.03476937485366425,0.6618384168806676,1.4077003328266608,0.0,False
528,2.183521093819154e-07,3.7006665812508503e-10,0.9999999986652781,0.03476937485366425,0.6618384168806676,1.4077003328266608,0.0,False
529,1.8157222704957706e-07,3.077315234680822e-10,0.9999999989730096,0.03476937485366425,0.6618384168806676,1.4077003328266608,0.0,False
530,1.1848484820688536e-07,2.0081002165950043e-10,0.9999999991738197,0.03476937485366425,0.6618384168806676,1.4077003328266608,0.0,False
531,1.0035095097651723e-07,1.7007640170125023e-10,0.999999999343896,0.03476937485366425,0.6618384168806676,1.4077003328266608,0.0,False
532,8.698255880845138e-08,1.4741943617824424e-10,0.9999999994913155,0.03476937485366425,0.6618384168806676,1.4077003328266608,0.0,False
533,6.48786607254263e-08,1.099573950819742e-10,0.9999999996012728,0.03476937485366425,0.6618384168806676,1.4077003328266608,0.0,False
534,6.275438939466675e-08,1.0635714594973374e-10,0.99999999970763,0.03476937485366425,0.6618384168806676,1.4077003328266608,0.0,False
535,5.681725074980234e-08,9.62947881215925e-11,0.9999999998039247,0.03476937485366425,0.6618384168806676,1.4077003328266608,0.0,False
536,3.369317811225115e-08,5.710373882308252e-11,0.9999999998610285,0.03476937485366425,0.6618384168806676,1.4077003328266608,0.0,False
537,3.236761318922231e-08,5.485715012475623e-11,0.9999999999158856,0.03476937485366425,0.6618384168806676,1.4077003328266608,0.0,False
538,2.5019722445674018e-08,4.240382700628318e-11,0.9999999999582895,0.03476937485366425,0.6618384168806676,1.4077003328266608,0.0,False
539,1.0265195911217496e-08,1.739761872059192e-11,0.9999999999756871,0.03476937485366425,0.6618384168806676,1.4077003328266608,0.0,False
540,5.331063153326533e-09,9.035171361475866e-12,0.9999999999847223,0.03476937485366425,0.6618384168806676,1.4077003328266608,0.0,False
541,2.7826774182469444e-09,4.716126332489992e-12,0.9999999999894384,0.03476937485366425,0.6618384168806676,1.4077003328266608,0.0,False
542,1.8863402622319507e-09,3.1969997400391085e-12,0.9999999999926354,0.03476937485366425,0.6618384168806676,1.4077003328266608,0.0,False
543,1.2101703681465132e-09,2.0510161553725563e-12,0.9999999999946865,0.03476937485366425,0.6618384168806676,1.4077003328266608,0.0,False
544,8.950507797409563e-10,1.516946421303593e-12,0.9999999999962034,0.03476937485366425,0.6618384168806676,1.4077003328266608,0.0,False
545,6.945303979298765e-10,1.1771012611499062e-12,0.9999999999973804,0.03476937485366425,0.6618384168806676,1.4077003328266608,0.0,False
546,6.647072711364952e-10,1.126556547391435e-12,0.999999999998507,0.03476937485366425,0.6618384168806676,1.4077003328266608,0.0,False
547,5.10510868483921e-10,8.652220103170052e-13,0.9999999999993722,0.03476937485366425,0.6618384168806676,1.4077003328266608,0.0,False
548,2.7271384321538993e-10,4.621997967816584e-13,0.9999999999998344,0.03476937485366425,0.6618384168806676,1.4077003328266608,0.0,False
549,4.720004168683105e-11,7.999538790742249e-14,0.9999999999999144,0.03476937485366425,0.6618384168806676,1.4077003328266608,0.0,False
550,3.974667417875512e-11,6.736330107620546e-14,0.9999999999999818,0.03476937485366425,0.6618384168806676,1.4077003328266608,0.0,False
551,9.998444912345045e-12,1.6945524848067912e-14,0.9999999999999988,0.03476937485366425,0.6618384168806676,1.4077003328266608,0.0,False
552,4.314277562148741e-14,7.311906828689681e-17,0.9999999999999989,0.03476937485366425,0.6618384168806676,1.4077003328266608,0.0,False
553,2.6404849905317362e-14,4.475136324725872e-17,0.9999999999999989,0.03476937485366425,0.6618384168806676,1.4077003328266608,0.0,False
554,2.6204653010812604e-14,4.441206633858167e-17,0.9999999999999989,0.03476937485366425,0.6618384168806676,1.4077003328266608,0.0,False
555,1.3392916744496446e-14,2.2698530168602012e-17,0.9999999999999989,0.03476937485366425,0.6618384168806676,1.4077003328266608,0.0,False
556,1.3219561685483993e-14,2.2404725233355857e-17,0.9999999999999989,0.03476937485366425,0.6618384168806676,1.4077003328266608,0.0,False
557,8.164690750991189e-15,1.3837648875465128e-17,0.9999999999999989,0.03476937485366425,0.6618384168806676,1.4077003328266608,0.0,False
558,6.3266256890155915e-15,1.0722466719326435e-17,0.9999999999999989,0.03476937485366425,0.6618384168806676,1.4077003328266608,0.0,False
559,3.6294305829255334e-15,6.151217180920322e-18,0.9999999999999989,0.03476937485366425,0.6618384168806676,1.4077003328266608,0.0,False
560,1.4036780902096778e-15,2.3789761472774667e-18,0.9999999999999989,0.03476937485366425,0.6618384168806676,1.4077003328266608,0.0,False
561,1.0599678947455617e-15,1.79645059367061e-18,0.9999999999999989,0.03476937485366425,0.6618384168806676,1.4077003328266608,0.0,False
562,8.991628736861325e-16,1.5239156640944933e-18,0.9999999999999989,0.03476937485366425,0.6618384168806676,1.4077003328266608,0.0,False
563,5.845708238187909e-17,9.90740010803692e-20,0.9999999999999989,0.03476937485366425,0.6618384168806676,1.4077003328266608,0.0,False
564,2.9314075223298063e-17,4.968196499049598e-20,0.9999999999999989,0.03476937485366425,0.6618384168806676,1.4077003328266608,0.0,False
565,2.744782842281617e-17,4.651901997180148e-20,0.9999999999999989,0.03476937485366425,0.6618384168806676,1.4077003328266608,0.0,False
566,2.1544105316195054e-17,3.651329533397908e-20,0.9999999999999989,0.03476937485366425,0.6618384168806676,1.4077003328266608,0.0,False
567,2.0436242626042255e-17,3.4635671872649387e-20,0.9999999999999989,0.03476937485366425,0.6618384168806676,1.4077003328266608,0.0,False
568,1.2609213914247131e-17,2.137029803851408e-20,0.9999999999999989,0.03476937485366425,0.6618384168806676,1.4077003328266608,0.0,False
569,1.3386914873545142e-18,2.268835810142238e-21,0.9999999999999989,0.03476937485366425,0.6618384168806676,1.4077003328266608,0.0,False
570,1.305443754237598e-18,2.2124870186437717e-21,0.9999999999999989,0.03476937485366425,0.6618384168806676,1.4077003328266608,0.0,False
571,9.46411960448913e-19,1.6039941743834924e-21,0.9999999999999989,0.03476937485366425,0.6618384168806676,1.4077003328266608,0.0,False
572,6.916738678507382e-19,1.1722599681428781e-21,0.9999999999999989,0.03476937485366425,0.6618384168806676,1.4077003328266608,0.0,False
573,5.208563801756446e-19,8.827557495109498e-22,0.9999999999999989,0.03476937485366425,0.6618384168806676,1.4077003328266608,0.0,False
574,4.243464327236914e-19,7.191891422064914e-22,0.9999999999999989,0.03476937485366425,0.6618384168806676,1.4077003328266608,0.0,False
575,1.455420066901062e-29,2.4666692794994013e-32,0.9999999999999989,0.03476937485366425,0.6618384168806676,1.4077003328266608,0.0,False
576,7.72609522476069e-30,1.3094310140977148e-32,0.9999999999999989,0.03476937485366425,0.6618384168806676,1.4077003328266608,0.0,False
577,2.50691569420192e-30,4.248760938379418e-33,0.9999999999999989,0.03476937485366425,0.6618384168806676,1.4077003328266608,0.0,False
578,5.766065242262284e-31,9.772419880785188e-34,0.9999999999999989,0.03476937485366425,0.6618384168806676,1.4077003328266608,0.0,False
579,2.7606157459884272e-31,4.678735856398551e-34,0.9999999999999989,0.03476937485366425,0.6618384168806676,1.4077003328266608,0.0,False
580,2.7606157459884272e-31,4.678735856398551e-34,0.9999999999999989,0.03476937485366425,0.6618384168806676,1.4077003328266608,0.0,False
581,2.7606157459884272e-31,4.678735856398551e-34,0.9999999999999989,0.03476937485366425,0.6618384168806676,1.4077003328266608,0.0,False
582,2.7606157459884272e-31,4.678735856398551e-34,0.9999999999999989,0.03476937485366425,0.6618384168806676,1.4077003328266608,0.0,False
583,2.7606157459884272e-31,4.678735856398551e-34,0.9999999999999989,0.03476937485366425,0.6618384168806676,1.4077003328266608,0.0,False
584,2.7606157459884272e-31,4.678735856398551e-34,0.9999999999999989,0.03476937485366425,0.6618384168806676,1.4077003328266608,0.0,False
585,2.7606157459884272e-31,4.678735856398551e-34,0.9999999999999989,0.03476937485366425,0.6618384168806676,1.4077003328266608,0.0,False
586,2.7606157459884272e-31,4.678735856398551e-34,0.9999999999999989,0.03476937485366425,0.6618384168806676,1.4077003328266608,0.0,False
587,2.7606157459884272e-31,4.678735856398551e-34,0.9999999999999989,0.03476937485366425,0.6618384168806676,1.4077003328266608,0.0,False
588,2.7606157459884272e-31,4.678735856398551e-34,0.9999999999999989,0.03476937485366425,0.6618384168806676,1.4077003328266608,0.0,False
589,2.7606157459884272e-31,4.678735856398551e-34,0.9999999999999989,0.03476937485366425,0.6618384168806676,1.4077003328266608,0.0,False
590,2.7606157459884272e-31,4.678735856398551e-34,0.9999999999999989,0.03476937485366425,0.6618384168806676,1.4077003328266608,0.0,False
591,2.7606157459884272e-31,4.678735856398551e-34,0.9999999999999989,0.03476937485366425,0.6618384168806676,1.4077003328266608,0.0,False
592,2.7606157459884272e-31,4.678735856398551e-34,0.9999999999999989,0.03476937485366425,0.6618384168806676,1.4077003328266608,0.0,False
593,2.7108509650445115e-31,4.594393707250679e-34,0.9999999999999989,0.03476937485366425,0.6618384168806676,1.4077003328266608,0.0,False
594,1.9858819843232387e-31,3.3657046476427624e-34,0.9999999999999989,0.03476937485366425,0.6618384168806676,1.4077003328266608,0.0,False
